{
  "gold_diff": 0.7516605854034424,
  "xp_diff": 0.4896652400493622,
  "kill_diff": 0.04816553369164467,
  "tower_diff": 0.021984068676829338,
  "dragon_diff": 0.2320384383201599
}