{
  "10": {
    "gold_diff": 0.6158838272094727,
    "xp_diff": 0.26117169857025146,
    "kill_diff": 0.038238197565078735,
    "tower_diff": 0.005981712136417627,
    "dragon_diff": 0.12866172194480896
  },
  "15": {
    "gold_diff": 0.7516605854034424,
    "xp_diff": 0.4896652400493622,
    "kill_diff": 0.04816553369164467,
    "tower_diff": 0.021984068676829338,
    "dragon_diff": 0.2320384383201599
  },
  "20": {
    "gold_diff": 0.9675838947296143,
    "xp_diff": 0.5241476893424988,
    "kill_diff": 0.0541207492351532,
    "tower_diff": 0.030158042907714844,
    "dragon_diff": 0.24369587004184723
  },
  "25": {
    "gold_diff": 1.0257195234298706,
    "xp_diff": 0.696933388710022,
    "kill_diff": 0.033806752413511276,
    "tower_diff": 0.14906395971775055,
    "dragon_diff": 0.24922023713588715
  }
}